<?xml version="1.0" encoding="UTF-8"?>
<archive xmlns="http://rs.tdwg.org/dwc/text/" metadata="eml.xml">
  <core encoding="UTF-8" fieldsTerminatedBy="\t" linesTerminatedBy="\n" fieldsEnclosedBy="" ignoreHeaderLines="1" rowType="http://rs.tdwg.org/dwc/terms/Occurrence">
    <files>
      <location>occurrence.txt</location>
    </files>
    <id index="12"/>
    <field index="1" term="http://rs.tdwg.org/dwc/terms/eventID"/>
    <field index="2" term="http://rs.tdwg.org/dwc/terms/materialSampleID"/>
    <field index="3" term="http://rs.tdwg.org/dwc/terms/eventDate"/>
    <field index="4" term="http://rs.tdwg.org/dwc/terms/locality"/>
    <field index="5" term="http://rs.tdwg.org/dwc/terms/decimalLongitude"/>
    <field index="6" term="http://rs.tdwg.org/dwc/terms/decimalLatitude"/>
    <field index="7" term="http://rs.tdwg.org/dwc/terms/coordinateUncertaintyInMeters"/>
    <field index="8" term="http://rs.tdwg.org/dwc/terms/higherGeography"/>
    <field index="9" term="http://rs.tdwg.org/dwc/terms/sampleSizeValue"/>
    <field index="10" term="http://rs.tdwg.org/dwc/terms/sampleSizeUnit"/>
    <field index="11" term="http://rs.tdwg.org/dwc/terms/organismQuantity"/>
    <field index="12" term="http://rs.tdwg.org/dwc/terms/occurrenceID"/>
    <field index="13" term="http://rs.tdwg.org/dwc/terms/organismQuantityType"/>
    <field index="14" term="http://rs.tdwg.org/dwc/terms/verbatimIdentification"/>
    <field index="15" term="http://rs.tdwg.org/dwc/terms/samplingProtocol"/>
    <field index="16" term="http://rs.tdwg.org/dwc/terms/scientificName"/>
    <field index="17" term="http://rs.tdwg.org/dwc/terms/scientificNameID"/>
    <field index="18" term="http://rs.tdwg.org/dwc/terms/occurrenceStatus"/>
    <field index="19" term="http://rs.tdwg.org/dwc/terms/basisOfRecord"/>
  </core>
  <extension encoding="UTF-8" fieldsTerminatedBy="\t" linesTerminatedBy="\n" fieldsEnclosedBy="" ignoreHeaderLines="1" rowType="http://rs.iobis.org/obis/terms/ExtendedMeasurementOrFact">
    <files>
      <location>measurementorfact.txt</location>
    </files>
    <coreid index="1"/>
    <field index="1" term="http://rs.tdwg.org/dwc/terms/occurrenceID"/>
    <field index="2" term="http://rs.tdwg.org/dwc/terms/measurementValue"/>
    <field index="3" term="http://rs.tdwg.org/dwc/terms/measurementType"/>
    <field index="4" term="http://rs.tdwg.org/dwc/terms/measurementUnit"/>
  </extension>
  <extension encoding="UTF-8" fieldsTerminatedBy="\t" linesTerminatedBy="\n" fieldsEnclosedBy="" ignoreHeaderLines="1" rowType="http://rs.gbif.org/terms/1.0/DNADerivedData">
    <files>
      <location>dnaderiveddata.txt</location>
    </files>
    <coreid index="1"/>
    <field index="2" term="http://data.ggbn.org/schemas/ggbn/terms/concentration"/>
    <field index="3" term="http://rs.gbif.org/terms/dna_sequence"/>
    <field index="4" term="http://data.ggbn.org/schemas/ggbn/terms/concentrationUnit"/>
    <field index="5" term="https://w3id.org/gensc/terms/MIXS:0000041"/>
    <field index="6" term="https://w3id.org/gensc/terms/MIXS:0000044"/>
    <field index="7" term="https://w3id.org/gensc/terms/MIXS:0000046"/>
    <field index="8" term="https://w3id.org/gensc/terms/MIXS:0000050"/>
    <field index="9" term="https://w3id.org/gensc/terms/MIXS:0000062"/>
    <field index="10" term="http://rs.gbif.org/terms/pcr_primer_forward"/>
    <field index="11" term="http://rs.gbif.org/terms/pcr_primer_reverse"/>
    <field index="12" term="http://rs.gbif.org/terms/pcr_primer_name_forward"/>
    <field index="13" term="http://rs.gbif.org/terms/pcr_primer_name_reverse"/>
    <field index="14" term="http://rs.gbif.org/terms/pcr_primer_reference"/>
  </extension>
</archive>
